ID,Name,Category,Description,OpeningTime,Website,PhoneNumber,Location,Address,Toilet,Accessibility,Animals,Image,Icon,VisitTime,Map Priority
1,Poetto,Beaches,"Vibrant beach area popular for swimming & sunbathing, plus nearby restaurants, dance clubs & bars.","{'Monday': 'Open 24 hours', 'Tuesday': 'Open 24 hours', 'Wednesday': 'Open 24 hours', 'Thursday': 'Open 24 hours', 'Friday': 'Open 24 hours', 'Saturday': 'Open 24 hours', 'Sunday': 'Open 24 hours'}",-,-,"39.218529438890016, 9.177302395841759",Spiaggia del Poetto,TRUE,FALSE,TRUE,Poetto.jpg,beach.png,180,3
2,Bastion Saint Remy,Historical Sites and Monuments,"Landmark structure with a limestone arch & pillars, plus a terrace & promenade for cultural events.","{'Monday': 'Open 24 hours', 'Tuesday': 'Open 24 hours', 'Wednesday': 'Open 24 hours', 'Thursday': 'Open 24 hours', 'Friday': 'Open 24 hours', 'Saturday': 'Open 24 hours', 'Sunday': 'Open 24 hours'}",-,390706771,"39.21618569430492, 9.11697587806603","Piazza Costituzione, 09121 Cagliari CA",FALSE,FALSE,TRUE,Bastion Saint Remy.jpg,bastion.png,30,3
3,Museo archeologico nazionale,Museums and Art Galleries,"Museum exploring Sardinia's ancient history via archaeological exhibits, including Punic jewelry.","{'Monday': '8:45AM-7:45PM', 'Tuesday': 'Closed', 'Wednesday': '8:45AM-7:45PM', 'Thursday': '8:45AM-7:45PM', 'Friday': '8:45AM-7:45PM', 'Saturday': '8:45AM-7:45PM', 'Sunday': '8:45AM-7:45PM'}",https://museoarcheocagliari.beniculturali.it/,39070655911,"39.31508580804618, 9.151942649786545","Piazza Arsenale, 1, 09124 Cagliari CA",TRUE,TRUE,FALSE,Museo archeologico nazionale.jpg,museum_0.png,90,3
4,Santuario di Nostra Signora di Bonaria,Churches and Places of Worship,"Part of a 14th-century complex, this sanctuary holds a revered, storied statue of the Virgin Mary.","{'Monday': '7-11:30AM 4:30-7PM', 'Tuesday': '7-11:30AM 4:30-7PM', 'Wednesday': '7-11:30AM 4:30-7PM', 'Thursday': '7-11:30AM 4:30-7PM', 'Friday': '7-11:30AM 4:30-7PM', 'Saturday': '7AM-12PM 4:30-8PM', 'Sunday': '7:30AM-12:30PM 4:30-8PM'}",http://www.bonaria.eu/,39070301747,"39.2086821313617, 9.127150238295808","Piazza Bonaria, 2, 09125 Cagliari CA",FALSE,TRUE,FALSE,Santuario di Nostra Signora di Bonaria.jpg,cathedral.png,60,3
5,Parco di Monte Urpinu,Parks and Gardens,"Large public park on hilltop, with tree-lined avenues & kids' playground, plus panoramic views.","{'Monday': '6:30AM-10PM', 'Tuesday': '6:30AM-10PM', 'Wednesday': '6:30AM-10PM', 'Thursday': '6:30AM-10PM', 'Friday': '6:30AM-10PM', 'Saturday': '6:30AM-10PM', 'Sunday': '6:30AM-10PM'}",https://www.comune.cagliari.it/portale/page/it/parco_di_monte_urpinu?contentId=LGO12343,390706771,"39.21675668639543, 9.13597276954877","Viale Europa, 09129 Cagliari CA",TRUE,TRUE,TRUE,Parco di Monte Urpinu.jpg,park.png,60,3
6,Parco Naturale Molentargius Saline,Parks and Gardens,"Ample urban wetland with fresh & saltwater ponds, diverse bird species, paths & bike rentals.","{'Monday': '9AM-8PM', 'Tuesday': '9AM-8PM', 'Wednesday': '9AM-8PM', 'Thursday': '9AM-8PM', 'Friday': '9AM-8PM', 'Saturday': '9AM-8:30PM', 'Sunday': '9AM-8:30PM'}",http://parcomolentargius.it/,39070379191,"39.20590662691224, 9.14770819283453","Via la Palma, 9a, 09126 Cagliari CA",TRUE,TRUE,TRUE,Parco Naturale Molentargius Saline.jpg,pond.png,60,3
7,Sella del diavolo,Scenic Spots,"Saddle-shaped promontory offering scenic hilltop views of the sea, with trails to the summit.","{'Monday': 'Open 24 hours', 'Tuesday': 'Open 24 hours', 'Wednesday': 'Open 24 hours', 'Thursday': 'Open 24 hours', 'Friday': 'Open 24 hours', 'Saturday': 'Open 24 hours', 'Sunday': 'Open 24 hours'}",-,-,"39.188744973196684, 9.168021013857214","Viale Calamosca, 50, 09126 Cagliari CA",FALSE,FALSE,FALSE,Sella del diavolo.jpg,panorama.png,180,3
8,Orto Botanico di Cagliari,Parks and Gardens,"Historic garden featuring trees & plants including tropical, succulent & Mediterranean varieties.","{'Monday': 'Closed', 'Tuesday': '9AM-4PM', 'Wednesday': '9AM-4PM', 'Thursday': '9AM-4PM', 'Friday': '9AM-4PM', 'Saturday': '9AM-4PM', 'Sunday': '9AM-4PM'}",https://www.facebook.com/ortobotanicocagliari/,3.90707E+11,"39.25056129575268, 9.113535116640923","Via Sant'Ignazio da Laconi, 11, 09123 Cagliari CA",TRUE,TRUE,FALSE,Orto Botanico di Cagliari.jpg,park.png,90,3
9,Chiesa di San Michele,Churches and Places of Worship,"Church of Saint Michele St. Michele's church was built over St. Michele's and St. Egidio's oratory, at the end of 17th century, as headquarters of the Jesuit order. It is located next to the ancient ""House of the Novitiate"", where today there is the Military Hospital, and both share the same entrance.","{'Monday': '-', 'Tuesday': '-', 'Wednesday': '-', 'Thursday': '-', 'Friday': '-', 'Saturday': '-', 'Sunday': '-'}",https://sanmichelecagliari-gesuiti.it/,39070658626,"39.22211916150161, 9.116275325098108","Via Ospedale, 2, 09123 Cagliari CA",FALSE,TRUE,FALSE,Chiesa di San Michele.jpg,church_0.png,30,2
10,Torre dell'Elefante,Historical Sites and Monuments,"Imposing, 14th-century limestone tower adorned with a sculpted elephant, offering views of the city.","{'Monday': '10AM-1PM 3-7PM', 'Tuesday': '10AM-1PM 3-7PM', 'Wednesday': '10AM-1PM 3-7PM', 'Thursday': '10AM-1PM 3-7PM', 'Friday': '10AM-1PM 3-7PM', 'Saturday': '10AM-1PM 3-7PM', 'Sunday': '10AM-1PM 3-7PM'}",https://cagliariturismo.comune.cagliari.it/,3.90707E+11,"39.218512370908826, 9.116973530350217","Scalette Santa Croce, 2, 09124 Cagliari CA",FALSE,FALSE,FALSE,Torre dell'Elefante.jpg,tower.png,60,3
11,Tower of San Pancrazio,Historical Sites and Monuments,"The St.Pancras Tower is one of the most recognisable figures in Cagliari's landscape. Restored to its original appearance, it is now open to visitors with access from the adjacent Palazzo delle Seziate.","{'Monday': 'Closed', 'Tuesday': 'Closed', 'Wednesday': 'Closed', 'Thursday': 'Closed', 'Friday': 'Closed', 'Saturday': '   Closed', 'Sunday': 'Closed'}",http://www.beniculturalicagliari.it/#gallery/3,3.93663E+11,"39.2219589494222, 9.119841506494224","Piazza dell' Indipendenza, 09124 Cagliari CA",FALSE,FALSE,FALSE,Tower of San Pancrazio.png,tower.png,60,2
12,Cittadella dei Musei,Museums and Art Galleries,"The greatest art, history and culture complex in the capital and in the whole of Sardinia, allowing you to move between Eastern art, archaeological artefacts and paintings.","{'Monday': '8AM-8PM', 'Tuesday': '8AM-8PM', 'Wednesday': '8AM-8PM', 'Thursday': '8AM-8PM', 'Friday': '8AM-8PM', 'Saturday': '8AM-8PM', 'Sunday': '8AM-8PM'}",-,-,"39.22259870531283, 9.118296876941598","Piazza Arsenale, 1, 09123 Cagliari CA",TRUE,TRUE,FALSE,Cittadella dei Musei.jpg,museum_1.png,90,2
13,Galleria Comunale d'Arte,Museums and Art Galleries,"Housed in a neoclassical villa in the Giardini Pubblici (Public Gardens) north of the Castello, this terrific gallery focuses on modern and contemporary art. Works by many of Sardinia's top artists are on show, alongside paintings and sculptures from the Collezione Ingrao","{'Monday': 'Closed', 'Tuesday': '10AM-6PM', 'Wednesday': '10AM-6PM', 'Thursday': '10AM-6PM', 'Friday': '10AM-6PM', 'Saturday': '10AM-6PM', 'Sunday': '10AM-6PM'}",http://sistemamuseale.museicivicicagliari.it/,3.90707E+11,"39.2266629392804, 9.116139732050117","Viale S. Vincenzo, 2, 09123 Cagliari CA",TRUE,TRUE,FALSE,Galleria Comunale d'Arte.jpg,gallery.png,60,2
14,Museo delle Cere Anatomiche,Museums and Art Galleries,Contemporary space featuring a collection of wax figures to teach visitors about the human body.,"{'Monday': '9AM-1PM 4:30-7PM', 'Tuesday': 'Closed', 'Wednesday': '9AM-1PM 4:30-7PM', 'Thursday': '9AM-1PM 4:30-7PM', 'Friday': '9AM-1PM 4:30-7PM', 'Saturday': '9AM-1PM 4:30-7PM', 'Sunday': '9AM-1PM 4:30-7PM'}",http://pacs.unica.it/cere/,3.90707E+11,"39.722920046682596, 12.340824027269852","Piazza Arsenale, 1, 09123 Cagliari CA",TRUE,TRUE,FALSE,Museo Delle Cere Anatomiche.jpg,museum_1.png,60,2
15,Parco Terramaini,Parks and Gardens,"Terramaini Park is a green space that spreads over 8 hectares in the northern part of the city. It is a great place for walking and jogging, or to do some exercise between the mediterranean scrub and the flamingo's pond, that is home of other species such as the herring gulls.","{'Monday': '6:30AM-10PM', 'Tuesday': '6:30AM-10PM', 'Wednesday': '6:30AM-10PM', 'Thursday': '6:30AM-10PM', 'Friday': '6:30AM-10PM', 'Saturday': '6:30AM-10PM', 'Sunday': '6:30AM-10PM'}",-,390706771,"39.2473960474549, 9.14455475879605","Via Andrea Vesalio, 09121 Cagliari CA",TRUE,TRUE,TRUE,Parco Terramaini.jpg,park.png,90,2
16,MUTSEU - Museo del Tesoro e Area Archeologica di Sant'Eulalia,Museums and Art Galleries,"The Sant'Eulalia (Mutseu) museum consists of a journey stretching over 2,000 years through the history of Cagliari, especially in the ancient nucleus built near the port, which includes countless monuments","{'Monday': '9:30AM-1PM 4-7PM', 'Tuesday': '9:30AM-1PM 4-7PM', 'Wednesday': '9:30AM-1PM 4-7PM', 'Thursday': '9:30AM-1PM 4-7PM', 'Friday': '9:30AM-1PM 4-7PM', 'Saturday': '9:30AM-1PM 4-7PM', 'Sunday': '9:30AM-1PM 4:30-7PM'}",http://www.mutseu.org/,3.9334E+11,"39.215168397840806, 9.117223060465456","Vicolo Collegio, 2, 09124 Cagliari CA",TRUE,TRUE,FALSE,MUTSEU - Museo del Tesoro e Area Archeologica di Sant'Eulalia.jpg,museum_1.png,60,1
17,Monte Claro Park,Parks and Gardens,"Natural area with walking/jogging paths, 2 dog parks, a pond & abundant wildlife viewing.","{'Monday': '6AM-10PM', 'Tuesday': '6AM-10PM', 'Wednesday': '7AM-10PM', 'Thursday': '6AM-10PM', 'Friday': '6AM-10PM', 'Saturday': '6AM-10PM', 'Sunday': '6AM-10PM'}",-,-,"39.23499047546981, 9.119446613327895","Via Cadello, Via Mattei, Cagliari, IT 09100",TRUE,TRUE,TRUE,Monte Claro Park.jpg,park.png,90,3
18,Chiesa di Sant'Efisio a Giorgino,Churches and Places of Worship,"Church of Saint Efisio (Giorgino) The church was built in the XVII century, on the premises close to the main house of Ballero family , forming a single complex. It has an octagonal dome finely decorated , and a simple fa?ade with a belfry in which is located the bell, date back to 1679.","{'Monday': '9:30AM-1PM ', 'Tuesday': '9:30AM-1PM', 'Wednesday': '9:30AM-1PM ', 'Thursday': '9:30AM-1PM ', 'Friday': '9:30AM-1PM ', 'Saturday': '9:30AM-1PM ', 'Sunday': '9:30AM-1PM '}",http://www.cagliariturismo.it/it/luoghi/i-luoghi-della-fede-313/chiese-13/chiesa-di-sant-efisio-giorgino-123,39070657716,"39.20921517493441, 9.09560423551266","Viale Pula, 116, 09123 Cagliari CA",FALSE,TRUE,FALSE,Chiesa di Sant'Efisio a Giorgino.jpg,church_2.png,30,1
19,Cripta di Santa Restituta,Historical Sites and Monuments,"The crypt of Santa Restituta, one of the symbols of the picturesque neighbourhood of Stampace, has had a turbulent history, marked by periods of abandonment and with a happy ending in the restoration during the 1970s.","{'Monday': '10AM-5PM', 'Tuesday': '10AM-5PM', 'Wednesday': '10AM-5PM', 'Thursday': '10AM-1PM 3-7PM', 'Friday': '10AM-1PM 3-7PM', 'Saturday': '10AM-5PM', 'Sunday': '10AM-5PM'}",http://www.cagliariturismo.it/it/luoghi/i-luoghi-della-fede-313/cripte-160/cripta-di-santa-restituta-55,3.90707E+11,"39.21956071048777, 9.116463643998408","Via Sant'Efisio, 8, 09124 Cagliari CA",FALSE,FALSE,FALSE,Cripta di Santa Restituta.jpg,church_2.png,30,2
20,Marina Portus Karalis,Historical Sites and Monuments,Portus Karalis Marina is located in the Port of Cagliari in the heart of the city. A strategic position along the Mediterranean routes to the French Riviera and the Spanish coastmakes it an ideal stopping place. The only marina in southern Sardinia that can host yachts up to 90 m long and longer,"{'Monday': 'Open 24 hours', 'Tuesday': 'Open 24 hours', 'Wednesday': 'Open 24 hours', 'Thursday': 'Open 24 hours', 'Friday': 'Open 24 hours', 'Saturday': 'Open 24 hours', 'Sunday': 'Open 24 hours'}",http://www.portuskaralis.com/,39070653535,"39.2125866754158, 9.115692899663214","Molo Dogana, 09125 Cagliari CA",FALSE,TRUE,FALSE,Marina Portus Karalis.jpg,dock.png,60,3
21,Palazzo Regio,Historical Sites and Monuments,"Opulent palace & former royal residence, now hosting exhibitions, concerts & public visits.","{'Monday': 'Closed', 'Tuesday': '10AM-6:30PM', 'Wednesday': '10AM-6:30PM', 'Thursday': '10AM-6:30PM', 'Friday': '10AM-6:30PM', 'Saturday': '10AM-6:30PM', 'Sunday': '10AM-6:30PM'}",-,3.90704E+11,"39.22951200211212, 9.165972256766226","Piazza Palazzo, 1, 09124 Cagliari CA",FALSE,TRUE,FALSE,Palazzo Regio.jpg,buildings.png,30,3
22,Castello di San Michele Cagliari,Historical Sites and Monuments,"Built in the 12th century, this fortified castle now houses the City Center of Art & Culture.","{'Monday': 'Closed', 'Tuesday': '10AM-8PM', 'Wednesday': '10AM-8PM', 'Thursday': '10AM-8PM', 'Friday': '10AM-8PM', 'Saturday': '10AM-8PM', 'Sunday': '10AM-8PM'}",https://castellodisanmichelecagliari.it/,3.90702E+12,"39.24562574575924, 9.111705715029386","Via Giovanni Cinquini, 09121 Cagliari CA",FALSE,TRUE,FALSE,Castello di San Michele Cagliari.jpg,castle.png,90,1
23,Giardini Pubblici,Parks and Gardens,"Tranquil park, developed in the 19th century, known for its French-style gardens & sculptures.","{'Monday': '6AM-12AM', 'Tuesday': '6AM-12AM', 'Wednesday': '6AM-12AM', 'Thursday': '6AM-12AM', 'Friday': '6AM-12AM', 'Saturday': '6AM-12AM', 'Sunday': '6AM-12AM'}",http://www.comune.cagliari.it/portale/,-,"39.22550889546922, 9.119019522402542","Largo Giuseppe Dessa, 09123 Cagliari CA",TRUE,TRUE,TRUE,Giardini Pubblici.jpg,park.png,30,3
24,Monumental Cemetery of Bonaria,Historical Sites and Monuments,"Tombs & charnel houses on a cave-pitted limestone hill, with mausoleum paintings by Filippo Figari.","{'Monday': 'Closed', 'Tuesday': '8AM-1PM', 'Wednesday': '8AM-1PM', 'Thursday': '8AM-1PM 2:30-6:30PM', 'Friday': '8AM-1PM', 'Saturday': '8AM-1PM', 'Sunday': '8AM-1PM'}",https://www.cimiterobonaria.it/cimitero-di-bonaria/,-,"39.21175952529355, 9.121140311567737","Viale Cimitero, 09100 Cagliari CA",FALSE,TRUE,FALSE,Monumental Cemetery of Bonaria.jpg,mausoleum.png,30,2
25,Porticciolo Turistico Marina Piccola,Historical Sites and Monuments,This marina can be found on the eastern side of the Capri Island and it is a part of the province of Cagliari and the historic region of Sardinia.,"{'Monday': 'Open 24 hours', 'Tuesday': 'Open 24 hours', 'Wednesday': 'Open 24 hours', 'Thursday': 'Open 24 hours', 'Friday': 'Open 24 hours', 'Saturday': 'Open 24 hours', 'Sunday': 'Open 24 hours'}",http://www.motomarsarda.com/,3.90706E+11,"39.19294991931861, 9.160612787694669","Porticciolo di Marina Piccola, 09126 Cagliari CA",FALSE,TRUE,FALSE,Porticciolo Turistico Marina Piccola.jpg,dock.png,60,3
26,Chiesa di Santo Sepolcro,Churches and Places of Worship,"The church of San Sepolcro, in the heart of the district of Marina di Cagliari, has an ancient and fascinating history, which probably began in the 14th century and is linked, according to some scholars, to the figures of the Knights Templar","{'Monday': '-', 'Tuesday': '-', 'Wednesday': '-', 'Thursday': '-', 'Friday': '-', 'Saturday': '-', 'Sunday': '-'}",-,-,"39.21659553577385, 9.11807010536089","Piazza S. Sepolcro, 5, 09124 Cagliari CA",FALSE,FALSE,FALSE,Chiesa di Santo Sepolcro.jpg,church_1.png,30,2
27,Orto dei Cappuccini,Parks and Gardens,"The Botanical Gardens are shaped like a trapezoid and cover an area of about five hectares at the lower end of the Palabenda valley, in an area that includes the Anfiteatro romano, Orto dei cappuccini vegetable garden and villa di Tigellio","{'Monday': '-', 'Tuesday': '-', 'Wednesday': '-', 'Thursday': '-', 'Friday': '-', 'Saturday': '-', 'Sunday': '-'}",-,-,"39.225581085234985, 9.111317182613808","Vico I' Luigi Merello, 09123 Cagliari CA",FALSE,TRUE,TRUE,Orto dei Cappuccini.jpg,park.png,60,2
28,Teatro Lirico di Cagliari,Museums and Art Galleries,"Cagliari Teatro Lirico, seat of the Foundation of the same name, features concert, opera and ballet seasons all year long. On its stage, together with the Teatro Lirico Orchestra and Chorus, protagonists of many prestigious productions","{'Monday': '-', 'Tuesday': '-', 'Wednesday': '-', 'Thursday': '-', 'Friday': '-', 'Saturday': '-', 'Sunday': '-'}",http://www.teatroliricodicagliari.it/,3.90704E+11,"39.226695138975245, 9.123336763297106","Via Sant'Alenixedda, 09128 Cagliari CA",TRUE,TRUE,FALSE,Teatro Lirico di Cagliari.jpg,theater.png,60,2
29,Necropoli di Tuvixeddu,Historical Sites and Monuments,Archaeological area at a large hillside necropolis featuring Carthaginian & Roman burial chambers.,"{'Monday': '8:30AM-11:30PM', 'Tuesday': '8:30AM-11:30PM', 'Wednesday': '8:30AM-11:30PM', 'Thursday': '8:30AM-11:30PM', 'Friday': '8:30AM-11:30PM', 'Saturday': '8:30AM-11:30PM', 'Sunday': '8:30AM-11:30PM'}",-,-,"39.22957135504599, 9.099293611016604","Via Falzarego, 09123 Cagliari CA",FALSE,TRUE,TRUE,Necropoli di Tuvixeddu.jpg,historical.png,60,3
30,Antico Palazzo di Citta?,Historical Sites and Monuments,Restored historic palace-turned-museum featuring temporary exhibitions of contemporary artwork.,"{'Monday': 'Closed', 'Tuesday': '10AM-6PM', 'Wednesday': '10AM-6PM', 'Thursday': '10AM-6PM', 'Friday': '10AM-6PM', 'Saturday': '10AM-6PM', 'Sunday': '10AM-6PM'}",https://sistemamuseale.museicivicicagliari.it/palazzo-di-citta/,3.90707E+11,"39.21921720734821, 9.120258647781057","Piazza Palazzo, 6, 09124 Cagliari CA",FALSE,FALSE,FALSE,Antico Palazzo di Città.jpg,buildings.png,30,1
31,Palazzo Civico di Cagliari,Historical Sites and Monuments,"Cagliari's Palazzo Civico, or City Hall, rises above the harbour like a bastion of white stone, elegant in shape and colours, perfectly in tune with the other old buildings that line Via Roma. City Hall was originally located at Piazza Palazzo in the Castello quarter,","{'Monday': '-', 'Tuesday': '-', 'Wednesday': '-', 'Thursday': '-', 'Friday': '-', 'Saturday': '-', 'Sunday': '-'}",-,3.90707E+11,"39.2154492173327, 9.111404327064871","Via Roma, 145, 09124 Cagliari CA",FALSE,TRUE,FALSE,Palazzo Civico di Cagliari.jpg,buildings.png,30,1
32,Chiesa Collegiata di Sant'Anna,Churches and Places of Worship,"Largely destroyed by bombing in 1943 but painstakingly rebuilt afterwards, Chiesa di Sant'Anna rises grandly above a wide staircase in the Stampace district. More impressive outside than in, it's fronted by a towering two-tier baroque facade topped by a pair of matching bell towers.","{'Monday': '8AM-12PM', 'Tuesday': '8AM-12PM', 'Wednesday': '8AM-12PM', 'Thursday': '8AM-12PM', 'Friday': '8AM-12PM', 'Saturday': '8AM-12PM', 'Sunday': '8AM-12PM'}",https://m.facebook.com/santannacagliari/,-,"39.218958677798774, 9.116028713880345","Via Domenico Alberto Azuni, 09124 Cagliari CA",FALSE,TRUE,FALSE,Chiesa Collegiata di Sant'Anna.jpg,church_1.png,30,1
33,Teatro Massimo,Museums and Art Galleries,"The Teatro Massimo is a historic opera house in Cagliari, Sardinia. It hosts a variety of events, such as operas, ballets, concerts and web TV shows. See the schedule and book tickets online.","{'Monday': '-', 'Tuesday': '-', 'Wednesday': '-', 'Thursday': '-', 'Friday': '-', 'Saturday': '-', 'Sunday': '-'}",https://teatromassimocagliari.it/,3.90703E+11,"39.22285759440641, 9.106397354053097","Via E. De Magistris, 12, 09123 Cagliari CA",TRUE,TRUE,FALSE,Teatro Massimo.jpg,theater.png,60,2
34,Basilica di San Saturnino,Historical Sites and Monuments,"Paleo-Christian church dating to the 5th century, featuring a lofty, towering domed roof & apse.","{'Monday': 'Closed', 'Tuesday': '9AM-4PM', 'Wednesday': '9AM-4PM', 'Thursday': '9AM-4PM', 'Friday': '9AM-4PM', 'Saturday': '9AM-4PM', 'Sunday': 'Closed'}",https://musei.sardegna.beniculturali.it/musei/basilica-di-san-saturnino/,39070659869,"39.21476842689291, 9.123802011082446","Piazza S. Cosimo, 09127 Cagliari CA",FALSE,TRUE,FALSE,Basilica di San Saturnino.jpg,church_1.png,30,2
35,Parco delle Rimembranze,Parks and Gardens,The park is dedicated to the fallen of the First World War and was created in the wake of the avenues of Remembrance that arose in Italy starting from 1923. It was built in 1935 based on a design by the assistant architect Ubaldo Badas. The monument is of sober taste and consists of two bundles of trachyte and Serrenti stone on which the dates of the most important battles of the great war are shown. Between the two beams is the exedra on whose structure the names of the fallen are written.,"{'Monday': 'Open 24 hours', 'Tuesday': 'Open 24 hours', 'Wednesday': 'Open 24 hours', 'Thursday': 'Open 24 hours', 'Friday': 'Open 24 hours', 'Saturday': 'Open 24 hours', 'Sunday': 'Open 24 hours'}",-,-,"39.21489869817309, 9.121559849064488","Via Sidney Sonnino, 09127 Cagliari CA",FALSE,TRUE,TRUE,Parco delle Rimembranze.jpg,trees_1.png,30,1
36,Faro di Capo Sant'Elia,Historical Sites and Monuments,"Capo Sant'Elia Lighthouse is an active lighthouse located on Capo Sant'Elia promontory, adjacent to Calamosca Bay which separates the Golfo degli Angeli from that of Quartu Sant'Elena. ","{'Monday': 'Open 24 hours', 'Tuesday': 'Open 24 hours', 'Wednesday': 'Open 24 hours', 'Thursday': 'Open 24 hours', 'Friday': 'Open 24 hours', 'Saturday': 'Open 24 hours', 'Sunday': 'Open 24 hours'}",-,-,"39.18449762858941, 9.147377471137098","Viale Calamosca, 09126 Cagliari CA",FALSE,FALSE,FALSE,Faro di Capo Sant'Elia.jpg,lighthouse.png,30,2
37,Parco della Musica,Parks and Gardens,"The Music Park is a multifunctional complex in Cagliari created to host various types of musical and cultural events; it was inaugurated on 7 May 2011, on the occasion of the Open Monuments event, with the opening of the open spaces, including Piazza Amedeo Nazzari, while the total opening of the new theater spaces will also take place in the summer of 2011.","{'Monday': '5:30AM-12AM', 'Tuesday': '5:30AM-12AM', 'Wednesday': '5:30AM-12AM', 'Thursday': '5:30AM-12AM', 'Friday': '5:30AM-12AM', 'Saturday': '5:30AM-12AM', 'Sunday': '5:30AM-12AM'}",https://www.comune.cagliari.it/portale/,39070651320,"39.22763502044911, 9.12360571343444","Via dei Giudicati, 16, 09131 Cagliari CA",TRUE,TRUE,TRUE,Parco della Musica.jpg,park.png,30,2
38,Galleria Rifugio Don Bosco,Historical Sites and Monuments,"Air-Raid Refuge Don Bosco The gallery refuge extends for about 180 meters along a parallel and equidistant axis from Viale Merello to Viale Fra Ignazio. It was part of a series of underground routes still existing, made in 1700 by the Piedmontese outside the walls for military purposes.","{'Monday': '-', 'Tuesday': '-', 'Wednesday': '-', 'Thursday': '-', 'Friday': '-', 'Saturday': '-', 'Sunday': '-'}",-,39070658653,"39.22287097550305, 9.109094400001453","Via Don Bosco, 09123 Cagliari CA",FALSE,FALSE,FALSE,Galleria Rifugio Don Bosco.jpg,tunnel.png,60,2
39,EXMA - Centro Comunale d'Arte e Cultura,Museums and Art Galleries,"Transformed in 1993 into a splendid multipurpose centre, it hosts art exhibitions, shows and events of great appeal. Since 2015 it has been home to the EXMA - Exhibiting and Moving Arts project, focused on contemporary arts and curated by the Camù Consortium. Located in the heart of Cagliari, in the historic Villanova district, the former slaughterhouse was one of the first urban spaces to be restored and returned to the citizens. Guarded between high walls, embellished with a garden courtyard that makes it seem like an oasis in the traffic of the city center, the Exma is certainly one of the liveliest ""cultural salons"" of the island capital.","{'Monday': 'Closed', 'Tuesday': '9AM-8PM', 'Wednesday': '9AM-8PM', 'Thursday': '9AM-8PM', 'Friday': '9AM-8PM', 'Saturday': '9AM-8PM', 'Sunday': '9AM-8PM'}",-,3.93663E+11,"39.214623619662405, 9.120398384546514","Via S. Lucifero, 71, 09127 Cagliari CA",FALSE,TRUE,FALSE,EXMA - Centro Comunale d'Arte e Cultura.jpg,museum_1.png,30,3
40,Unipol Domus,Parks and Gardens,"The Unipol Domus, formerly known as Sardegna Arena, is an Italian football stadium in Cagliari, Sardinia. Located in the Nuovo Borgo Sant'Elia district, it has been home to Cagliari Calcio's home matches since the 2017-2018 season.","{'Monday': '-', 'Tuesday': '-', 'Wednesday': '-', 'Thursday': '-', 'Friday': '-', 'Saturday': '-', 'Sunday': '-'}",https://www.cagliaricalcio.com/,-,"39.19983344299333, 9.137416757727818","Via Raimondo Carta Raspi, 09126 Cagliari CA",FALSE,TRUE,FALSE,Unipol Domus.jpg,stadium.png,30,3
41,Museo d'Arte Siamese Stefano Cardu,Museums and Art Galleries,"The Stefano Cardu civic museum of Siamese art is located inside the Citadel of Museums, the museum complex located in the Castle of Cagliari.","{'Monday': 'Closed', 'Tuesday': '10AM-6PM', 'Wednesday': '10AM-6PM', 'Thursday': '10AM-6PM', 'Friday': '10AM-6PM', 'Saturday': '10AM-6PM', 'Sunday': '10AM-6PM'}",http://sistemamuseale.museicivicicagliari.it/,3.90707E+11,"39.22291267540153, 9.117218399995357","Cittadella dei Musei, Piazza Arsenale, 1, 09123 Cagliari CA",TRUE,TRUE,FALSE,Museo d'Arte Siamese Stefano Cardu.jpg,museum_1.png,30,1
42,Pinacoteca Nazionale Di Cagliari,Museums and Art Galleries,"The National Art Gallery of Cagliari, located within the museum complex of the Citadel of Museums, is located in Piazza Arsenale 1 in Cagliari and exhibits various collections derived from both private donations and state acquisitions.","{'Monday': '8:45AM-7:45PM', 'Tuesday': 'Closed', 'Wednesday': '8:45AM-7:45PM', 'Thursday': '8:45AM-7:45PM', 'Friday': '8:45AM-7:45PM', 'Saturday': '8:45AM-7:45PM', 'Sunday': '8:45AM-7:45PM'}",https://museoarcheocagliari.beniculturali.it/,39070655911,"39.222935529050744, 9.11687068656308","Piazza Arsenale, 1, 09124 Cagliari CA",TRUE,TRUE,FALSE,Pinacoteca Nazionale Di Cagliari.jpg,museum_1.png,30,1
43,Chiesa di Santa Chiara,Churches and Places of Worship,"The church of Santa Chiara is a church in Cagliari, located on the Santa Chiara hill, not far from Piazza Yenne, in the Stampace district.","{'Monday': '9AM-12PM', 'Tuesday': '9AM-12PM', 'Wednesday': '9AM-12PM', 'Thursday': '9AM-12PM', 'Friday': '9AM-12PM', 'Saturday': 'Closed', 'Sunday': 'Closed'}",http://www.comune.cagliari.it/portale/,39070667788,"39.218606985326886, 9.114317597975083","Salita di Santa Chiara, 09124 Cagliari CA",FALSE,FALSE,FALSE,Chiesa di Santa Chiara.jpg,church_1.png,30,1
44,Fortino di Sant'Ignazio,Historical Sites and Monuments,"The fort of Sant'Ignazio or Fort of Sant'Ignazio is a military architecture located on the hill of Sant'Elia, in the municipality of Cagliari. It rises approximately 94 meters above sea level.","{'Monday': 'Open 24 hours', 'Tuesday': 'Open 24 hours', 'Wednesday': 'Open 24 hours', 'Thursday': 'Open 24 hours', 'Friday': 'Open 24 hours', 'Saturday': 'Open 24 hours', 'Sunday': 'Open 24 hours'}",-,-,"39.19198614678265, 9.1450101865841","Viale Calamosca, 09126 Cagliari CA",FALSE,FALSE,FALSE,Fortino di Sant'Ignazio.jpg,historical.png,30,2
45,Chiesa di Santa Rosalia,Churches and Places of Worship,"The church of Santa Rosalia is a church in the historic center of Cagliari, located in via Torino, in the Marina district. The temple, known above all for guarding the tomb of Saint Savior of Horta, is officiated by the Friars Minor who reside in the adjacent convent.","{'Monday': '8:30-11:30AM', 'Tuesday': '8:30-11:30AM', 'Wednesday': '8:30-11:30AM', 'Thursday': '8:30-11:30AM', 'Friday': '8:30-11:30AM', 'Saturday': '8:30-11:30AM', 'Sunday': '8:30-11:30AM'}",http://www.cagliariturismo.it/it/luoghi/i-luoghi-della-fede-313/chiese-13/chiesa-di-santa-rosalia-121,39070655481,"39.215205105818036, 9.116063971151934","Via Torino, 09124 Cagliari CA",FALSE,FALSE,FALSE,Chiesa di Santa Rosalia.jpg,church_1.png,30,1
46,Teatro Civico di Castello,Museums and Art Galleries,"The Civic Theater of Cagliari, recently restored and used again, is located in via Mario de Candia, in the Castello district, adjacent to Palazzo Boyl and not far from the Bastion of Saint Remy.","{'Monday': '-', 'Tuesday': '-', 'Wednesday': '-', 'Thursday': '-', 'Friday': '-', 'Saturday': '-', 'Sunday': '-'}",-,3.90707E+11,"39.216929727803645, 9.115578828853774","Via de Candia, 09124 Cagliari CA",FALSE,FALSE,FALSE,Teatro Civico di Castello.jpg,museum_1.png,30,1
47,Museo Diocesano del Duomo,Museums and Art Galleries,"The museum structure wants to represent a place of encounter and cultural growth, where sacred art testifies to the religious sentiment of the Christian community and documents the historical journey of the diocesan territory, within and beyond the borders of the city, even in relation to minor realities.","{'Monday': '-', 'Tuesday': '-', 'Wednesday': '-', 'Thursday': '-', 'Friday': '-', 'Saturday': '-', 'Sunday': '-'}",-,3.93283E+11,"39.218627149040444, 9.11690372885334","Via del Fossario, 5, 09124 Cagliari CA",FALSE,FALSE,FALSE,Museo Diocesano del Duomo.jpg,museum_1.png,30,1
48,Basilica Magistrale Mauriziana di Santa Croce,Churches and Places of Worship,"The magisterial basilica of Santa Croce is a monumental church in Cagliari, originally a synagogue of the local Jewish community before the expulsion of 1492. Since 1809 the church has belonged to the Order of Saints Maurice and Lazarus.","{'Monday': '9-11AM, 5:45-8PM', 'Tuesday': '9-11AM, 5:45-8PM', 'Wednesday': '9-11AM, 5:45-8PM', 'Thursday': '9-11AM, 5:45-8PM', 'Friday': '9-11AM, 5:45-8PM', 'Saturday': '9-11AM, 5:45-8PM', 'Sunday': '9AM-1PM'}",http://www.chiesadicagliari.it/,3.93421E+11,"39.219816882551065, 9.114910428860089","Via Corte D'Appello, 44, 09124 Cagliari CA",FALSE,FALSE,FALSE,Basilica Magistrale Mauriziana di Santa Croce.jpg,church_1.png,30,1
49,Porta Cristina,Historical Sites and Monuments,"Porta Cristina, in Cagliari, is a city gate leading to the Castello district which connects Viale Buoncammino, where the historic prison is located, to Piazza Arsenale.","{'Monday': 'Open 24 hours', 'Tuesday': 'Open 24 hours', 'Wednesday': 'Open 24 hours', 'Thursday': 'Open 24 hours', 'Friday': 'Open 24 hours', 'Saturday': 'Open 24 hours', 'Sunday': 'Open 24 hour'}",http://www.comune.cagliari.it/,-,"39.22187476610855, 9.116541442284497","Piazza Arsenale, 09123 Cagliari CA",FALSE,TRUE,FALSE,Porta Cristina.jpg,arc.png,15,2
50,Chiesa di Sant'Eulalia,Churches and Places of Worship,"The collegiate church of Sant'Eulalia is the parish church of the Marina district, in the historic center of Cagliari. Located in the center of the neighborhood in an elevated position compared to the surrounding buildings, the church is preceded by a wide staircase.","{'Monday': '-', 'Tuesday': '-', 'Wednesday': '-', 'Thursday': '-', 'Friday': '-', 'Saturday': '-', 'Sunday': '-'}",http://www.sardegnaturismo.it/it/punto-di-interesse/museo-del-tesoro-e-area-archeologica-di-santeulalia,39070663724,"39.21456911819045, 9.114647722658543","Vicolo Collegio, 2, 09124 Cagliari CA",FALSE,TRUE,FALSE,Chiesa di Sant'Eulalia.jpg,church_1.png,30,1
51,Porta San Pancrazio,Historical Sites and Monuments,"Cagliari Rising above the skyline by the Castello's northeastern gate, this 36m-high tower is the twin of the Torre dell'Elefante . Completed in 1305, it is built on the city's highest point and commands expansive views of the Golfo di Cagliari.","{'Monday': 'Open 24 hours', 'Tuesday': 'Open 24 hours', 'Wednesday': 'Open 24 hours', 'Thursday': 'Open 24 hours', 'Friday': 'Open 24 hours', 'Saturday': 'Open 24 hours', 'Sunday': 'Open 24 hours'}",-,-,"39.22195776592955, 9.116830542283434","Porta S'Avanzada, Via Ubaldo Badas, 09123 Cagliari CA",FALSE,FALSE,FALSE,Porta San Pancrazio.jpg,arc.png,15,2
52,Chiesa di San Simone,Churches and Places of Worship,"St Simone's church is located in Sa Illetta, near Santa Gilla's pond, and dates back 16th -17th century. Not very big,the church presents a simple facade,with a big and precious portal,and, in the middle, a small bell.","{'Monday': '-', 'Tuesday': '-', 'Wednesday': '-', 'Thursday': '-', 'Friday': '-', 'Saturday': '-', 'Sunday': '-'}",http://www.cagliariturismo.it/it/luoghi/i-luoghi-della-fede-313/chiese-13/chiesa-di-san-simone-114,-,"39.225806579913474, 9.081128082516306","loc. Sa Illetta, S.da Statale 195 Sulcitana, 09123 Cagliari CA",FALSE,FALSE,FALSE,Chiesa di San Simone.jpg,church_1.png,30,1
53,Chiesa della Speranza,Churches and Places of Worship,"The church of Our Lady of Hope, commonly known as the church of Hope, is located in Cagliari, in the historic Castello district, in via Duomo.","{'Monday': '-', 'Tuesday': '-', 'Wednesday': '-', 'Thursday': '-', 'Friday': '-', 'Saturday': '-', 'Sunday': '-'}",-,3.93296E+11,"39.21875652122604, 9.116846228864334","angolo di via del Fossario, Via del Duomo, 09124 Cagliari CA",FALSE,FALSE,FALSE,Chiesa della Speranza.jpg,church_1.png,30,1
54,Convento di San Domenico,Churches and Places of Worship,"The church of San Domenico is a church in Cagliari. It is located in Piazza San Domenico, in the neighborhood called Villanova. The church is officiated by the Dominican friars, who live in the nearby convent.","{'Monday': '8:15-11AM, 5-8PM', 'Tuesday': '8:15-11AM, 5-8PM', 'Wednesday': '8:15-11AM, 5-8PM', 'Thursday': '8:15-11AM, 5-8PM', 'Friday': '8:15-11AM, 5-8PM', 'Saturday': 'Closed', 'Sunday': '5-8PM'}",-,39070662837,"39.219068460219795, 9.120195628857132","Piazza San Domenico, 09127 Cagliari CA",FALSE,TRUE,FALSE,Convento di San Domenico.jpg,church_1.png,30,1
55,Statua di San Francesco d'Assisi,Historical Sites and Monuments,"The bronze statue of Saint Francesco d'Assisi was placed in Carlo Alberto Square, in the heart of the Castello district, on the occasion of the seventh centenary of his death. There are two statues in Cagliari dedicated to the patron saint of Italy","{'Monday': '-', 'Tuesday': '-', 'Wednesday': '-', 'Thursday': '-', 'Friday': '-', 'Saturday': '-', 'Sunday': '-'}",-,-,"39.216510631575645, 9.138170908157027","Viale Europa, 09129 Cagliari CA",FALSE,FALSE,FALSE,Statua di San Francesco d'Assisi.jpg,monument.png,15,2
56,Chiesa di San Bartolomeo,Churches and Places of Worship,"The church of San Bartolomeo is a parish church in Cagliari. It is located in Piazza San Bartolomeo, in the old area of the neighborhood of the same name.","{'Monday': '-', 'Tuesday': '-', 'Wednesday': '-', 'Thursday': '-', 'Friday': '-', 'Saturday': '-', 'Sunday': '-'}",https://www.cagliariturismo.it/it/luoghi/i-luoghi-della-fede-313/chiese-13/chiesa-di-san-bartolomeo-9,3.90704E+11,"39.19602979316789, 9.146270786566086","Piazza S. Bartolomeo, 09126 Cagliari CA",FALSE,TRUE,FALSE,Chiesa di San Bartolomeo.jpg,church_1.png,30,1
57,Piazza Arsenale,Historical Sites and Monuments,"The basics. Housed inside the former Royal Arsenal (Regio Arsenale), now known as the Citadel of Museums, the National Museum of Archaeology offers a fascinating overview of Sardinia's ancient history and is a visit here is a must for archaeology enthusiasts.","{'Monday': '-', 'Tuesday': '-', 'Wednesday': '-', 'Thursday': '-', 'Friday': '-', 'Saturday': '-', 'Sunday': '-'}",-,-,"39.221988572400534, 9.116626055752418","Cagliari, Metropolitan City of Cagliari",FALSE,FALSE,FALSE,Piazza Arsenale.jpg,street.png,15,1
58,Chiesa di Nostra Signora del Carmine ,Churches and Places of Worship,"Chiesa di Nostra Signora del Carmine is a church in Cagliari, Cagliari. Chiesa di Nostra Signora del Carmine is situated nearby to Piazza del Carmine and Monumento Immacolata Concezione","{'Monday': '7:30-11:30AM, 5-7:30PM', 'Tuesday': '7:30-11:30AM, 5-7:30PM', 'Wednesday': '7:30-11:30AM, 5-7:30PM', 'Thursday': '7:30-11:30AM, 5-7:30PM', 'Friday': '7:30-11:30AM, 5-7:30PM', 'Saturday': '7:30-11:30AM, 5-7:30PM', 'Sunday': '8AM-12:30PM, 5-8PM'}",https://www.facebook.com/groups/331185980695708/,39070662645,"39.217705550840485, 9.108279242283738","Viale Trieste, 11, 09123 Cagliari CA",FALSE,FALSE,FALSE,Chiesa di Nostra Signora del Carmine .jpg,church_1.png,30,1
59,Chiesa Romanica dei SS Lorenzo e Pancrazio,Churches and Places of Worship,"The church of San Lorenzo, also named after San Pancrazio and the Madonna del Buon Cammino, is a medieval church in Cagliari. The small temple is located on the top of the Buon Cammino hill and can be reached by climbing uphill from the avenue of the same name to the panoramic clearing where the church stands.","{'Monday': '-', 'Tuesday': '-', 'Wednesday': '-', 'Thursday': '-', 'Friday': '-', 'Saturday': '-', 'Sunday': '-'}",http://www.cagliariturismo.it/it/luoghi/i-luoghi-della-fede-313/chiese-13/chiesa-dei-ss-lorenzo-e-pancrazio-97,-,"39.225513567785164, 9.115099392381262","Via SS. Lorenzo e Pancrazio, 09123 Cagliari CA",FALSE,FALSE,FALSE,Chiesa Romanica dei SS Lorenzo e Pancrazio.jpg,church_1.png,30,1
60,Villa di Tigellio,Historical Sites and Monuments,"The so-called Villa di Tigellio is a complex of Roman ruins located in the Stampace district of Cagliari, which erroneously takes its name from Tigellio, a musician and poet originally from Caralis.","{'Monday': '-', 'Tuesday': '-', 'Wednesday': '-', 'Thursday': '-', 'Friday': '-', 'Saturday': '-', 'Sunday': '-'}",http://www.beniculturalicagliari.it/,3.93663E+11,"39.22071295681, 9.108534728859322","Via Giovanni Carbonazzi, 09123 Cagliari CA",FALSE,FALSE,FALSE,Villa di Tigellio.jpg,historical.png,30,1
61,Grotta della Vipera,Historical Sites and Monuments,"The Viper cave is a Roman funerary hypogeum located in viale Sant'Avendrace, in the Tuvixeddu necropolis, in Cagliari.","{'Monday': '10AM-5PM', 'Tuesday': '10AM-5PM', 'Wednesday': '10AM-5PM', 'Thursday': '10AM-5PM', 'Friday': '10AM-5PM', 'Saturday': '10AM-5PM', 'Sunday': '10AM-5PM'}",-,3.93663E+11,"39.228051785481966, 9.099857771133461","Viale Sant'Avendrace, 87, 09122 Cagliari CA",FALSE,FALSE,FALSE,Grotta della Vipera.jpg,tunnel.png,60,2
62,Il Planetario de L'Unione Sarda,Historical Sites and Monuments,Cagliari?s planetarium,"{'Monday': '-', 'Tuesday': '-', 'Wednesday': '-', 'Thursday': '-', 'Friday': '-', 'Saturday': '-', 'Sunday': '-'}",http://www.planetariounionesarda.it/,3.90706E+11,"39.22693872663538, 9.09832855391011","Pza L'Unione Sarda, 09122 Cagliari CA",TRUE,TRUE,FALSE,Il Planetario de L'Unione Sarda.jpg,universe.png,90,2
63,Cala Bernat,Beaches,"Cala Bernat: known as Su Perdusemmini or Lazzaretto Beach or San Bernardo, Cala Bernat is not an easily accessible beach, and it is advisable to go there swimming or canoeing. Turquoise water and fine limestone sand make this secret beach one of the most fascinating on the island.","{'Monday': '-', 'Tuesday': '-', 'Wednesday': '-', 'Thursday': '-', 'Friday': '-', 'Saturday': '-', 'Sunday': '-'}",-,-,"39.18703642675435, 9.142539762621775","09126 Cagliari, Metropolitan City of Cagliari",FALSE,FALSE,FALSE,Cala Bernat.jpg,beach.png,60,2
64,Calamosca,Beaches,"Calamosca Beach is one of the most beautiful beaches in the city of Calgary if not in Sardinia. Away from settlements with crystal clear water, it offers complete enjoyment of nature, sun, and seawater.","{'Monday': '-', 'Tuesday': '-', 'Wednesday': '-', 'Thursday': '-', 'Friday': '-', 'Saturday': '-', 'Sunday': '-'}",-,-,"39.18730301491029, 9.15176863572658","09126 Cagliari, Metropolitan City of Cagliari",FALSE,FALSE,FALSE,Calamosca.jpg,beach.png,60,2
65,Necropoli di Bonaria,Historical Sites and Monuments,"Cagliari, Necropolis of Bonaria The necropolis occupies the western slopes of the Bonaria hill. Bonaria's funerary vocation dates back to the 4th century BC, when, in the middle of the Punic Age, the hill was used as a burial place.","{'Monday': '-', 'Tuesday': '-', 'Wednesday': '-', 'Thursday': '-', 'Friday': '-', 'Saturday': '-', 'Sunday': '-'}",- ,-,"39.211334614874126, 9.126451995101426","Viale Bonaria, 09125 Cagliari CA",FALSE,FALSE,FALSE,Necropolis of Bonaria (Necropoli di Bonaria).jpg,historical.png,30,1
66,Chiesa di San Pietro Apostolo,Churches and Places of Worship,"Church of Saint Pietro the Apostle The original church dates back to the 16th century an it was the only one in the district ,until the fifties. The building had a Latin cross plan, consisting in a nave and a chapel for each side.","{'Monday': '-', 'Tuesday': '-', 'Wednesday': '-', 'Thursday': '-', 'Friday': '-', 'Saturday': '-', 'Sunday': '-'}",http://www.sanpietroapostolopirri.it/,39070522245,"39.244553561226574, 9.129566262569497","Via Chiesa, 09134 Cagliari CA",FALSE,FALSE,FALSE,Chiesa di San Pietro Apostolo.jpg,church_1.png,30,1
67,Monumento A Carlo Felice Di Savoia,Historical Sites and Monuments,"The monument to Carlo Felice, king of Sardinia, is located in Piazza Yenne, in the heart of Cagliari. It was created in 1830 in neoclassical style by the Sassari sculptor Andrea Galassi, commissioned by the Sardinian Parliament, and depicts the king in the guise of a Roman soldier with helmet, armor and toga.","{'Monday': '  Open 24 hours', 'Tuesday': '    Open 24 hours', 'Wednesday': '    Open 24 hours', 'Thursday': 'Open 24 hours', 'Friday': '        Open 24 hours', 'Saturday': 'Open 24 hours', 'Sunday': 'Open 24 hours'}",https://storia.dh.unica.it/storiedigitali/s/monumenta/page/monumento-a-carlo-felice,-,"39.2173654880214, 9.113385850924116","Largo Carlo Felice, 09124 Cagliari CA",FALSE,TRUE,FALSE,Monumento a Carlo Felice.jpg,monument.png,15,1
68,Palazzo dell'Universita,Historical Sites and Monuments,"The University building, also known as Palazzo Belgrano, is a monumental architectural complex in Cagliari, where the offices of the rectorate of the University of Cagliari and the university library are located","{'Monday': '-', 'Tuesday': '-', 'Wednesday': '-', 'Thursday': '-', 'Friday': '-', 'Saturday': '-', 'Sunday': '-'}",https://www.unica.it/unica/it/ateneo_s03_ss07.page?contentId=STR5245,390706751,"39.21733640257782, 9.115200066265968","Via Università, 32, 09124 Cagliari CA",FALSE,FALSE,FALSE,Palazzo Dell'Università.jpg,buildings.png,30,1
69,Torre dello Sperone,Historical Sites and Monuments,"The Torre dello Sperone is a medieval tower in Cagliari, southern Sardinia, Italy. It is located in the Stampace historical quarter of the city. The tower was part of the city's fortifications built in white limestone by the Pisan in the 13th century","{'Monday': '  Open 24 hours', 'Tuesday': '    Open 24 hours', 'Wednesday': '    Open 24 hours', 'Thursday': 'Open 24 hours', 'Friday': '        Open 24 hours', 'Saturday': 'Open 24 hours', 'Sunday': 'Open 24 hours'}",-,-,"39.2187761882379, 9.11152403813016","Via Ospedale, 1, 09123 Cagliari CA",FALSE,FALSE,FALSE,Torre dello Sperone.jpg,tower.png,15,1
70,Teatro delle Saline,Museums and Art Galleries,Performing arts theater in Cagliari,"{'Monday': '-', 'Tuesday': '-', 'Wednesday': '-', 'Thursday': '-', 'Friday': '-', 'Saturday': '-', 'Sunday': '-'}",https://www.teatrodellesaline.it/,39070341322,"39.206650058827655, 9.144173608595041","Piazzetta Billy Sechi, 3/4, 09126 Cagliari CA",FALSE,TRUE,FALSE,Teatro delle Saline.jpg,tower.png,15,1
71,Archivio di Stato,Historical Sites and Monuments,"The Cagliari State Archives is a peripheral organ of the Ministry for Cultural Heritage and Activities, dependent on the General Directorate of Archives. It provides for the preservation of documents produced by central and peripheral state offices","{'Monday': '8:30AM-1:15PM', 'Tuesday': '8:30AM-1PM, 2-6PM', 'Wednesday': '8:30AM-1:15PM', 'Thursday': '8:30AM-1PM, 2-6PM', 'Friday': '8:30AM-1:15PM', 'Saturday': '8:30AM-1PM', 'Sunday': 'Closed'}",http://www.archiviostatocagliari.it/,39070665772,"39.21370332177658, 9.119739133734033","Via Gallura, 2, 09125 Cagliari CA",FALSE,FALSE,FALSE,Archivio di Stato - Cagliari.jpg,buildings.png,30,1
72,Chiesa San Pietro dei Pescatori,Churches and Places of Worship,"Near the Romanesque church of San Pietro, funerary inscriptions dating back to the V-VI century AD were found, currently kept at the National Archaeological Museum of Cagliari. ","{'Monday': '-', 'Tuesday': '-', 'Wednesday': '-', 'Thursday': '-', 'Friday': '-', 'Saturday': '-', 'Sunday': '-'}",http://www.sardegnacultura.it/j/v/253?s=17865&v=2&c=2488&c1=2123&t=1,-,"39.2201042768622, 9.103277979759582","Viale Trieste, 112, 09123 Cagliari CA",FALSE,FALSE,FALSE,Church of Saint Peter 'dei Pescatori'.jpg,church_1.png,30,1
73,Torre Campanaria della Cattedrale,Historical Sites and Monuments,"agliari's graceful 13th-century cathedral stands proudly on Piazza Palazzo. Except for the square-based bell tower, little remains of the original Gothic structure: the clean Pisan-Romanesque facade is a 20th-century imitation, added between 1933 and 1938.","{'Monday': '1-4PM', 'Tuesday': '1-4PM', 'Wednesday': '1-4PM', 'Thursday': '1-4PM', 'Friday': '1-4PM', 'Saturday': '1-4PM', 'Sunday': 'Closed'}","https://www.cagliariturismo.it/it/luoghi/i-luoghi-della-storia-316/monumenti-80/cattedrale-di-santa-maria-e-torre-campanaria-6#:~:text=Realizzato%20tra%20il%201254%20e,e%20una%20delle%20pi%C3%B9%20antiche.",39070663837,"39.21898730385713, 9.11696857809144","Piazza Palazzo, 4, 09124 Cagliari CA",FALSE,TRUE,FALSE,Torre Campanaria della Cattedrale.jpg,church_1.png,15,1
74,Centro Sportivo Bonaria,Parks and Gardens,Sports complex in Cagliari,"{'Monday': '8AM-11:30PM', 'Tuesday': '8AM-11:30PM', 'Wednesday': '8AM-11:30PM', 'Thursday': '8AM-11:30PM', 'Friday': '8AM-11:30PM', 'Saturday': '8AM-8:30PM', 'Sunday': '8AM-1PM, 4-11PM'}",https://www.facebook.com/Centro-Sportivo-Nostra-Signora-Di-Bonaria-399550646851333/?ref=settings,39070308797,"39.209174812442356, 9.126832320294474","Via Ravenna, 09125 Cagliari CA",FALSE,TRUE,FALSE,Centro Sportivo Bonaria.jpg,trees_1.png,30,1
75,Piazza Martiri d'Italia,Markets and Shopping Streets,-,"{'Monday': '-', 'Tuesday': '-', 'Wednesday': '-', 'Thursday': '-', 'Friday': '-', 'Saturday': '-', 'Sunday': '-'}",-,-,"39.21575407933546, 9.116127706746804","09124 Cagliari, Metropolitan City of Cagliari",FALSE,FALSE,FALSE,Piazza Martiri d'Italia.jpg,street.png,15,1
76,Chiesa di San Cesello,Churches and Places of Worship,Catholic church in Cagliari,"{'Monday': '-', 'Tuesday': '-', 'Wednesday': '-', 'Thursday': '-', 'Friday': '-', 'Saturday': '-', 'Sunday': '-'}",-,-,"39.220423411411716, 9.118808350947125","Via S. Giovanni, 212, 09124 Cagliari CA",FALSE,FALSE,FALSE,Chiesa di San Cesello.png,church_1.png,15,1
77,Chiesa Di San Giovanni,Churches and Places of Worship,Catholic church in Cagliari,"{'Monday': '-', 'Tuesday': '-', 'Wednesday': '-', 'Thursday': '-', 'Friday': '-', 'Saturday': '-', 'Sunday': '-'}",http://www.cagliariturismo.it/it/luoghi/i-luoghi-della-fede-313/chiese-13/chiesa-di-san-giovanni-14,39070656904,"39.218621360989665, 9.11847872024042","Via S. Giovanni, 83, 09124 Cagliari CA",FALSE,FALSE,FALSE, Chiesa San Giovanni.jpg,church_1.png,15,1
78,Civic Market of San Benedetto,Markets and Shopping Streets,"The largest covered food market in Italy, with separate departments for produce, fish & more.","{'Monday': '7AM-2PM', 'Tuesday': '7AM-2PM', 'Wednesday': '7AM-2PM', 'Thursday': '7AM-2PM', 'Friday': '7AM-2PM', 'Saturday': '7AM-3PM', 'Sunday': 'Closed'}",https://www.comune.cagliari.it/portale/page/it/mercato_civico_san_benedetto?contentId=LGO11814,3.90707E+11,"39.22308352489824, 9.122699393253194","Via Francesco Cocco Ortu, 46, 09128 Cagliari CA",FALSE,TRUE,FALSE,Civic Market of San Benedetto.jpg,market_0.png,60,3
79,Passeggiata del Lungomare di Sant'Elia,Scenic Spots,"A long pedestrian and cycle path close to the sea that from the Nervi park, after crossing a very small boat port and skirting the tiny beach of Canaletto, you arrive at the Lazzaretto square.","{'Monday': '-', 'Tuesday': '-', 'Wednesday': '-', 'Thursday': '-', 'Friday': '-', 'Saturday': '-', 'Sunday': '-'}",-,-,"39.19601120867165, 9.132854217952117","Cagliari, Metropolitan City of Cagliari",FALSE,FALSE,FALSE,Passeggiata del Lungomare di Sant'Elia.jpg,seafront.png,60,2
80,Porta dei Leoni (Micene),Historical Sites and Monuments,"The Lions' Gate was the main entrance to the city, so called because of the decorations on the discharge triangle with two lions symmetrically arranged on either side of a column. It dates back to around 1300 BC, and is part of the Cyclopean wall fortification system.","{'Monday': '  Open 24 hours', 'Tuesday': '    Open 24 hours', 'Wednesday': '    Open 24 hours', 'Thursday': 'Open 24 hours', 'Friday': '        Open 24 hours', 'Saturday': 'Open 24 hours', 'Sunday': 'Open 24 hours'}",http://www.cagliariturismo.it/it/luoghi/i-luoghi-della-storia-316/monumenti-80/porta-dei-due-leoni-367,3.90702E+11,"39.21674854624229, 9.115922893358638","Via Giovanni Spano, 09124 Cagliari CA",FALSE,FALSE,FALSE,Porta dei Leoni.jpg,arc.png,15,1
81,Chiesa di Santa Lucia in Marina (ruderi),Historical Sites and Monuments,"The church of Santa Lucia is of very ancient origin. The area in which it is located, in the immediate vicinity of the port, has always accentuated its importance in the socio-religious context of the city, in all phases of its development.","{'Monday': '  Open 24 hours', 'Tuesday': '    Open 24 hours', 'Wednesday': '    Open 24 hours', 'Thursday': 'Open 24 hours', 'Friday': ' Open 24 hours', 'Saturday': 'Open 24 hours', 'Sunday': 'Open 24 hours'}",-,-,"39.214836469160964, 9.11303583927068","Via Sardegna, 37, 09124 Cagliari CA",FALSE,FALSE,FALSE,Chiesa di Santa Lucia in Marina (ruderi).jpg,church_1.png,30,1
82,Church of Saint Lucia 'in Castello',Churches and Places of Worship,-,"{'Monday': '-', 'Tuesday': '-', 'Wednesday': '-', 'Thursday': '-', 'Friday': '-', 'Saturday': '-', 'Sunday': '-'}",http://www.cagliariturismo.it/it/luoghi/i-luoghi-della-fede-313/chiese-13/chiesa-di-santa-lucia-115,-,"39.22048836896587, 9.117028122088657","Via Pietro Martini, 13, 09124 Cagliari CA",FALSE,FALSE,FALSE,Church of Saint Lucia 'in Castello'.jpg,church_1.png,30,1
83,Chiesa dei Santi Giorgio e Caterina,Churches and Places of Worship,"The church dedicated to the Holy Martyrs Giorgio and Caterina dei Genovesi is located at the top of Via Scano, at the foot of Mount Urpinu. In rooms adjacent to the church, the Museum of the Genovese Archconfraternity can be visited","{'Monday': '-', 'Tuesday': '-', 'Wednesday': '-', 'Thursday': '-', 'Friday': '-', 'Saturday': '-', 'Sunday': '-'}",http://www.santigiorgioecaterina.it/,39070492636,"39.216619683069965, 9.13110235772987","Via Francesco Gemelli, 2, 09129 Cagliari CA",FALSE,FALSE,FALSE,Chiesa dei Santi Giorgio e Caterina.jpg,church_1.png,30,1
84,Chiesa della Purissima,Churches and Places of Worship,"The Purissima church is a church in the city of Cagliari, located in via Lamarmora, a few steps from Piazza Indipendenza, Castello district, in the historic center.","{'Monday': '-', 'Tuesday': '-', 'Wednesday': '-', 'Thursday': '-', 'Friday': '-', 'Saturday': '-', 'Sunday': '-'}",http://www.sardegnacultura.it/j/v/253?s=18271&v=2&c=2488&c1=2123&t=1,-,"39.220837544693175, 9.116264359717334","Via Lamarmora, 09124 Cagliari CA",FALSE,FALSE,FALSE,Chiesa della Purissima.jpg,church_1.png,30,1
85,Chiesa di Sant'Antonio Abate,Churches and Places of Worship,"The church of Sant'Antonio Abate is a monumental church in Cagliari. It overlooks via Giuseppe Manno, in the historic Marina district.","{'Monday': '9-11:30AM, 5-7PM', 'Tuesday': '9-11:30AM, 5-7PM', 'Wednesday': '9-11:30AM, 5-7PM', 'Thursday': '9-11:30AM, 5-7PM', 'Friday': '9-11:30AM, 5-7PM', 'Saturday': '9-11:30AM, 5-7PM', 'Sunday': 'Closed'}",http://chiesasantantonioabatecagliari.it/,39070664776,"39.21645161500644, 9.114501757722676","Via Giuseppe Manno, 54, 09124 Cagliari CA",FALSE,FALSE,FALSE,Chiesa di Sant'Antonio Abate.jpg,church_1.png,30,1
86,Anfiteatro Romano di Cagliari,Historical Sites and Monuments,"The Roman amphitheater of Cagliari is a building from the Roman era, located in Cagliari.","{'Monday': '10AM-5PM', 'Tuesday': '10AM-5PM', 'Wednesday': '10AM-5PM', 'Thursday': '10AM-5PM', 'Friday': '10AM-5PM', 'Saturday': '10AM-5PM', 'Sunday': '10AM-5PM'}",http://www.beniculturalicagliari.it/,3.90707E+11,"39.22433089774505, 9.113227097876731","Via Sant'Ignazio da Laconi, 09123 Cagliari CA",FALSE,FALSE,FALSE,Anfiteatro Romano di Cagliari.jpg,colosseum.png,60,3
87,Chiesa di San Giuseppe Calasanzio,Churches and Places of Worship,"The church of San Giuseppe Calasanzio is located in Cagliari in Piazzetta San Giuseppe. The church is flanked by the vast complex of the former Piarists' college, which today houses the state artistic high school.","{'Monday': '-', 'Tuesday': '-', 'Wednesday': '-', 'Thursday': '-', 'Friday': '-', 'Saturday': '-', 'Sunday': '-'}",-,3.93386E+11,"39.217936974554355, 9.115391950924117","Piazza S. Giuseppe, 09124 Cagliari CA",FALSE,FALSE,FALSE,Chiesa di San Giuseppe Calasanzio.jpg,church_1.png,30,1
88,Parco di San Michele,Parks and Gardens ,"Green space with paths & jogging trails, lawns, pines & a scenic restaurant in a hilltop fortress","{'Monday': '6:30AM-9:30PM', 'Tuesday': '6:30AM-9:30PM', 'Wednesday': '6:30AM-9:30PM', 'Thursday': '6:30AM-9:30PM', 'Friday': '6:30AM-9:30PM', 'Saturday': '6:30AM-9:30PM', 'Sunday': '6:30AM-9:30PM'}",https://parcodisanmichelebarepizzerianuovapertura01.business.site/?utm_source=gmb&utm_medium=referral,-,"39.24334133668823, 9.110493420240418","Via Sirai, 09121 Cagliari CA",FALSE,TRUE,TRUE,Parco di San Michele.jpg,trees_1.png,60,2
89,Piazza Francesco Paolo Ingrao,Markets and Shopping Streets,-,"{'Monday': '  Open 24 hours', 'Tuesday': 'Open 24 hours', 'Wednesday': 'Open 24 hours', 'Thursday': 'Open 24 hours', 'Friday': 'Open 24 hours', 'Saturday': 'Open 24 hours', 'Sunday': 'Open 24 hours'}",-,-,"39.2125475631627, 9.115961653471626","P.za Francesco Paolo Ingrao, 09125 Cagliari CA",FALSE,TRUE,TRUE,Piazza Francesco Paolo Ingrao.png,street.png,15,1
90,"Giardino Sotto le Mura ""Giardino Fratelli Giuseppe e Vittorino Fiori""",Parks and Gardens ,"The garden under the walls, also known as the Fratelli Giuseppe and Vittorino Fiori garden, is a green area in the historic Villanova district of Cagliari.","{'Monday': '  Open 24 hours', 'Tuesday': 'Open 24 hours', 'Wednesday': 'Open 24 hours', 'Thursday': 'Open 24 hours', 'Friday': 'Open 24 hours', 'Saturday': 'Open 24 hours', 'Sunday': 'Open 24 hours'}",-,-,"39.21744421461836, 9.116975333734032","Viale Regina Elena, 09124 Cagliari CA",FALSE,TRUE,TRUE,Giardino Sotto le Mura Giardino Fratelli Giuseppe e Vittorino Fiori.jpg,park.png,30,2
91,Belvedere di Buoncammino,Scenic spot,"Viale Belvedere is located on the eastern side of the Buoncammino hill, a few steps from the historic district of Castello","{'Monday': '  Open 24 hours', 'Tuesday': 'Open 24 hours', 'Wednesday': 'Open 24 hours', 'Thursday': 'Open 24 hours', 'Friday': 'Open 24 hours', 'Saturday': 'Open 24 hours', 'Sunday': 'Open 24 hours'}",-,-,"39.22668836201967, 9.111978515673988","Viale Buon Cammino, 19, 09123 Cagliari CA",FALSE,TRUE,TRUE,Belvedere di Buoncammino.jpg,panorama.png,15,1
92,Spiaggia di Cala Fighera,Beaches,Cala Fighera fa parte di un delizioso e suggestivo breve tratto di costa cagliaritana dominata dal promontorio di Capo Sant'Elia,"{'Monday': '  Open 24 hours', 'Tuesday': 'Open 24 hours', 'Wednesday': 'Open 24 hours', 'Thursday': 'Open 24 hours', 'Friday': 'Open 24 hours', 'Saturday': 'Open 24 hours', 'Sunday': 'Open 24 hours'}",http://www.sardegnaturismo.it/,-,"39.183618211836, 9.161366906796705","09126 Cagliari, Metropolitan City of Cagliari",FALSE,FALSE,FALSE,Spiaggia di Cala Fighera.jpg,beach.png,60,1
93,Piazza Palazzo,Markets and Shopping Streets ,"Piazza Palazzo is the main square of the Castello district in Cagliari. The square owes its prestige to the historical and artistic importance of the buildings that overlook it. It can be reached from the north via via Martini, from the west via via Canelles and from the south via via Duomo and via Fossario","{'Monday': '  Open 24 hours', 'Tuesday': 'Open 24 hours', 'Wednesday': 'Open 24 hours', 'Thursday': 'Open 24 hours', 'Friday': 'Open 24 hours', 'Saturday': 'Open 24 hours', 'Sunday': 'Open 24 hours'}",-,-,"39.21954943442074, 9.116711751623772","09124 Cagliari, Metropolitan City of Cagliari",FALSE,TRUE,TRUE,Piazza Palazzo.jpg,street.png,15,1
94,Piazza Giacomo Matteotti,Markets and Shopping Streets ,"Piazza Giacomo Matteotti is an important square in the city of Cagliari located in the Stampace district. Some of the most important buildings in Cagliari are located here, including the Art Nouveau town hall.","{'Monday': '  Open 24 hours', 'Tuesday': 'Open 24 hours', 'Wednesday': 'Open 24 hours', 'Thursday': 'Open 24 hours', 'Friday': 'Open 24 hours', 'Saturday': 'Open 24 hours', 'Sunday': 'Open 24 hours'}",-,-,"39.215298112627956, 9.10946296093603","Piazza Giacomo Matteotti, 643-307, 09123 Cagliari CA",FALSE,TRUE,TRUE,Piazza Giacomo Matteotti.jpg,street.png,15,1
95,Piazza del Carmine,Markets and Shopping Streets ,Piazza del Carmine (officially Piazza Carmine) is an important square in the city of Cagliari located in the Stampace district.,"{'Monday': '  Open 24 hours', 'Tuesday': 'Open 24 hours', 'Wednesday': 'Open 24 hours', 'Thursday': 'Open 24 hours', 'Friday': 'Open 24 hours', 'Saturday': 'Open 24 hours', 'Sunday': 'Open 24 hours'}",-,-,"39.216826415605794, 9.109347722088655","Piazza del Carmine, 09124 Cagliari CA",FALSE,TRUE,TRUE,Piazza del Carmine.jpg,street.png,15,1
96,Piazza San Sepolcro,Markets and Shopping Streets ,The stairs of San Sepolcro flank the square and the church of the same name and represent a fascinating hub of the historic Marina district.,"{'Monday': '  Open 24 hours', 'Tuesday': 'Open 24 hours', 'Wednesday': 'Open 24 hours', 'Thursday': 'Open 24 hours', 'Friday': 'Open 24 hours', 'Saturday': 'Open 24 hours', 'Sunday': 'Open 24 hours'}",-,-,"39.21608321871162, 9.114070280459078","09124 Cagliari, Metropolitan City of Cagliari",FALSE,FALSE,TRUE,Piazza San Sepolcro.jpg,street.png,15,1
97,Piazza Costituzione,Markets and Shopping Streets ,Piazza Costituzione is the heart of the city. It is located near Bastione di Saint Remy,"{'Monday': '  Open 24 hours', 'Tuesday': 'Open 24 hours', 'Wednesday': 'Open 24 hours', 'Thursday': 'Open 24 hours', 'Friday': 'Open 24 hours', 'Saturday': 'Open 24 hours', 'Sunday': 'Open 24 hours'}",-,-,"39.21548700768536, 9.117083880459008","Cagliari, Metropolitan City of Cagliari",FALSE,TRUE,TRUE,piazza Costituzione.jpg ,street.png,15,1
98,Parco Nervi,Parks and Gardens,"Il Parco del Nervi, a vast green area equipped with personal and cycling paths. The main feature of the area is the bridge that unites the two sponde del canale di San Bartolomeo. Nervi realized at the structure to improve the extraction and storage system of the neighboring salt mines of Molentargius. Located in the neighborhood of Sant'Elia, originally inhabited by the fishermen of Cagliari, the park, inaugurated in July 2021, proposes to connect, through its bridge, the neighborhood with the rest of the city center.","{'Monday': '7AM-12AM', 'Tuesday': '7AM-12AM', 'Wednesday': '7AM-12AM', 'Thursday': '7AM-12AM', 'Friday': '7AM-12AM', 'Saturday': '7AM-12AM', 'Sunday': '7AM-12AM'}",-,-,"39.2011615831505, 9.12853062885216","09126 Cagliari, Metropolitan City of Cagliari",TRUE,TRUE,TRUE,Parco Del Nervi.jpg,trees_0.png,15,1
99,Chiesa di Cristo Re,Churches and Places of Worship,"The Chiesa di Cristo Re, or the Church of Christ the King, is a prominent religious landmark located in the vibrant city of Cagliari, situated on the picturesque island of Sardinia, Italy.","{'Monday': '7:30AM-6PM', 'Tuesday': '7:30AM-6PM', 'Wednesday': '7:30AM-6PM', 'Thursday': '7:30AM-6PM', 'Friday': '7:30AM-6PM', 'Saturday': '7:30AM-6PM', 'Sunday': '8AM-6PM'}",http://www.santigiorgioecaterina.it/?page_id=1824,3907042392,"39.21968157076513, 9.130674509385681","Via Antonio Scano, 97, 09129 Cagliari CA",FALSE,TRUE,FALSE,Chiesa di Cristo Re.jpg,church_1.png,30,1
100,Museo Etnografico Regionale - Collezione Luigi Cocco,Museums and Art Galleries,"The Luigi Cocco collection is a municipally managed collection of Sardinian works of art and craftsmanship, located in the museum citadel in Cagliari.","{'Monday': '10AM-7PM', 'Tuesday': '10AM-7PM', 'Wednesday': '10AM-7PM', 'Thursday': '10AM-7PM', 'Friday': '10AM-7PM', 'Saturday': '10AM-7PM', 'Sunday': '10AM-7PM'}",http://www.isresardegna.it/index.php?xsl=565&s=16&v=9&c=9043&nodesc=1,3.90784E+11,"39.22304644042828, 9.117017571143894","Cittadella dei Musei, Piazza Arsenale, 1, 09123 Cagliari CA",FALSE,FALSE,FALSE,Museo Etnografico Regionale - Collezione Luigi Cocco.JPG,museum_0.png,60,1
101,Chiesa della Medaglia Miracolosa,Churches and Places of Worship,"The Church of the Miraculous Medal in Cagliari is a Catholic place of worship dedicated to Santa Maria delle Grazie, venerated under the title of the Miraculous Medal. Located in the Via Medaglia Miracolosa of the same name, this church is an important spiritual point of reference for the faithful of the city.","{'Monday': '8AM-7PM', 'Tuesday': '8AM-7PM', 'Wednesday': '8AM-7PM', 'Thursday': '8AM-7PM', 'Friday': '8AM-7PM', 'Saturday': '8AM-7PM', 'Sunday': '8AM-7PM'}",http://www.chiesadicagliari.it/,39070280628,"39.238105650102405, 9.099420171140267","Piazza San Michele, 1, 09122 Cagliari CA",FALSE,TRUE,FALSE,Chiesa della Medaglia Miracolosa.jpg,church_1.png,30,1
102,Chiesa di San Lucifero,Churches and Places of Worship,"The church of San Lucifero is a place of worship in Cagliari, home to the parish of the Beata Vergine del Rimedio. The temple is located in via San Lucifero, a short distance from the basilica of San Saturnino, in the Villanova district","{'Monday': '7:30-9:30 AM, 5-7:30 PM', 'Tuesday': '7:30-9:30 AM, 5-7:30 PM', 'Wednesday': '7:30-9:30 AM, 5-7:30 PM', 'Thursday': '7:30-9:30 AM, 5-7:30 PM', 'Friday': '7:30-9:30 AM, 5-7:30 PM', 'Saturday': '7:30-9:30 AM, 5-7:30 PM', 'Sunday': '7:30-9:30 AM, 5-7:30 PM'}",-,39070656996,"39.2147413068145, 9.122226571133321","Via S. Lucifero, 78, 09125 Cagliari CA",FALSE,TRUE,FALSE,Chiesa di San Lucifero.jpg,church_1.png,30,1
103,Belvedere e Viale di Calamosca,Scenic Spots,"The Belvedere di Calamosca is a spectacular panoramic terrace located in the Calamosca district, in the city of Cagliari, Sardinia. Offering a breathtaking view of the Gulf of Angels, this platform is one of the most evocative places in the city","{'Monday': 'Open 24 hours', 'Tuesday': 'Open 24 hours', 'Wednesday': 'Open 24 hours', 'Thursday': 'Open 24 hours', 'Friday': 'Open 24 hours', 'Saturday': 'Open 24 hours', 'Sunday': 'Open 24 hours'}",-,-,"39.18302726745339, 9.157446784553494","Loc. Calafighera, 09126, CA",FALSE,TRUE,FALSE,Belvedere e Viale di Calamosca.jpg,panorama.png,15,1
104,Monumento ai Caduti delle Guerre d'Indipendenza,Historical Sites and Monuments,The monument to the fallen of the wars of independence of Cagliari is dedicated to the Sardinians who fell in the battles for independence for the unification of Italy,"{'Monday': 'Open 24 hours', 'Tuesday': 'Open 24 hours', 'Wednesday': 'Open 24 hours', 'Thursday': 'Open 24 hours', 'Friday': 'Open 24 hours', 'Saturday': 'Open 24 hours', 'Sunday': 'Open 24 hours'}",http://www.cagliariturismo.it/it/luoghi/i-luoghi-della-memoria-315/monumenti-commemorativi-258/monumento-ai-caduti-delle-guerre-d-indipendenza-270,-,"39.215115968383415, 9.120449397992846","Via Sidney Sonnino, 09127 Cagliari CA",FALSE,TRUE,FALSE,Monumento ai Caduti delle Guerre d'Indipendenza.JPG,monument.png,15,1
105,Chiesa di San Massimiliano Kolbe,Churches and Places of Worship,"The Church of San Massimiliano Kolbe is a Catholic place of worship located in the city of Cagliari, Sardinia. It is dedicated to Saint Maximilian Maria Kolbe, a Polish Franciscan friar known for having sacrificed his life during the Holocaust, volunteering to take the place of another prisoner in the Auschwitz concentration camp.","{'Monday': '6:30-11:45 AM, 4-6:45 PM', 'Tuesday': '6:30-11:45 AM, 4-6:45 PM', 'Wednesday': '6:30-11:45 AM, 4-6:45 PM', 'Thursday': '6:30-11:45 AM, 4-6:45 PM', 'Friday': '6:30-11:45 AM, 4-6:45 PM', 'Saturday': '6:30-11:45 AM, 4-6:45 PM', 'Sunday': '8-12:30 AM, 4-7 PM'}",https://parrocchiasanmassimilianokolbe.wordpress.com/,39070278273,"39.24252358377053, 9.105283903965132","Via Cornalias, 92, 09121 Cagliari CA",FALSE,TRUE,FALSE,Chiesa di San Massimiliano Kolbe.jpg,church_1.png,30,1
106,Porta S'Avanzada,Historical Sites and Monuments,"Porta S'Avanzada is one of the medieval gates that was part of the ancient walls of the city of Cagliari, located in the area of the historic district of Castello. Its construction dates back to the Pisan period, when Cagliari was a fortified city.","{'Monday': '6:30-11:45 AM, 4-6:45 PM', 'Tuesday': '6:30-11:45 AM, 4-6:45 PM', 'Wednesday': '6:30-11:45 AM, 4-6:45 PM', 'Thursday': '6:30-11:45 AM, 4-6:45 PM', 'Friday': '6:30-11:45 AM, 4-6:45 PM', 'Saturday': '6:30-11:45 AM, 4-6:45 PM', 'Sunday': '8-12:30 AM, 4-7 PM'}",-,-,"39.22198511380957, 9.116756475471112","Via Ubaldo Badas, 09123 Cagliari CA",FALSE,FALSE,TRUE,Porta S'Avanzada.jpg,arc.png,15,1
107,Piazza Yenne,Markets and Shopping Streets,"Piazza Yenne, formerly Piazza San Carlo, is one of the most important historic squares in Cagliari located at the end of Largo Carlo Felice in the Stampace district.","{'Monday': 'Open 24 hours', 'Tuesday': 'Open 24 hours', 'Wednesday': 'Open 24 hours', 'Thursday': 'Open 24 hours', 'Friday': 'Open 24 hours', 'Saturday': 'Open 24 hours', 'Sunday': 'Open 24 hours'}",-,-,"39.21772995033265, 9.113414804783607","09124 Cagliari, Metropolitan City of Cagliari",FALSE,FALSE,TRUE,Piazza Yenne.jpg,street.png,15,1
108,Piazza Garibaldi,Markets and Shopping Streets,"Piazza Garibaldi, full of large trees, had a complex and articulated formation: its sides were in fact completed at different times, as a function of the large ""Riva"" school building which became a very significant presence. Even if its current appearance is the result of interventions that took place until the 1960s, Piazza Garibaldi presents its own unity in the layout of the streets that branch off from it and in the presence of buildings dating back mostly to the first half of the twentieth century. Among these, Palazzo Zedda stands out, which is on the corner of Via Macomer, a fine example of rationalist architecture, characterized by its façade with two-tone bands. The square today constitutes one of the focal points of city traffic, channeled by the central flowerbeds, rearranged several times precisely to streamline it. Named after the last of the fallen of the First World War, the very young officer Alberto Riva Villasanta, the elementary school building occupies a vast front on Piazza Garibaldi, extending symmetrically into two wings that enclose a courtyard close to the convent of San Domenico.","{'Monday': 'Open 24 hours', 'Tuesday': 'Open 24 hours', 'Wednesday': 'Open 24 hours', 'Thursday': 'Open 24 hours', 'Friday': 'Open 24 hours', 'Saturday': 'Open 24 hours', 'Sunday': 'Open 24 hours'}",-,-,"39.21903394339399, 9.121410993936458",09127 Cagliar CA,FALSE,FALSE,TRUE,Piazza Garibaldi.jpg,shop.png,60,2
109,Piazza Gramsci,Markets and Shopping Streets,"Dedicated to Antonio Gramsci and the result of a rational urban planning project from the late 1930s, the square, characterized by an elongated triangular shape and the presence of large trees, is dominated by the bulk of the Carabinieri Legion building; around it there are numerous residential buildings dating back to the 1930s and larger buildings built in the 1950s and 1960s. The Carabinieri Legion, built between 1930 and 1933, is made in an eclectic style with a strong classicist and mannerist taste. Above the main entrances four bronze sculptures stand out, naked male figures with an allegorical meaning: the Fascist Age, Justice, New Youth and Duty, works by the sculptor Albino Manca. The Parco delle Rimembranze develops adjacent to the Legion, located on the corner between via Sonnino and via San Lucifero. The park, dedicated to the fallen of the First World War, is a fine example of rationalist architecture of fascist inspiration, typical of the 1930s; particularly interesting is the monument to the fallen, built in 1935 by the architect Ubaldo Badas. The monument is composed of two wall facings, formed by a granite base and alternating rows of Serrenti stone and trachyte blocks, made in the shape of a fasces. The names of the main battles fought by Italian soldiers during the First World War are inscribed in relief on the trachyte bands.Behind the monument is the garden of San Lucifero, a recently renovated green area that precedes the church of the same name.","{'Monday': 'Open 24 hours', 'Tuesday': 'Open 24 hours', 'Wednesday': 'Open 24 hours', 'Thursday': 'Open 24 hours', 'Friday': 'Open 24 hours', 'Saturday': 'Open 24 hours', 'Sunday': 'Open 24 hours'}",-,-,"39.21530298358833, 9.11996038272279","Cagliari, Metropolitan City of Cagliari",FALSE,FALSE,TRUE,Piazza Gramsci.jpg,street.png,15,1
110,Piazza Carlo Alberto ,Markets and Shopping Streets,"The square, of modest dimensions, is located in a very central area of the neighborhood, between via Canelles and via La Marmora. Its quadrangular plan has remained almost unchanged since the Middle Ages. In Spanish times, Piazza Carlo Alberto was known as the plazuela (little square), to distinguish it from the Palazzo square, called Plaza Mayor. In the plazuela, nobles condemned to death were executed by beheading.","{'Monday': 'Open 24 hours', 'Tuesday': 'Open 24 hours', 'Wednesday': 'Open 24 hours', 'Thursday': 'Open 24 hours', 'Friday': 'Open 24 hours', 'Saturday': 'Open 24 hours', 'Sunday': 'Open 24 hours'}",-,-,"39.218709016313824, 9.116348514797169","09124 Cagliari, Metropolitan City of Cagliari",FALSE,FALSE,TRUE,Piazza Carlo Alberto .jpg,street.png,15,1
111,Piazzetta Savoia,Markets and Shopping Streets,"Piazzetta Savoia is named after the House of Savoy, the royal family of Italy until the monarchy was abolished in 1946. The square is surrounded by elegant buildings, cafes, and shops, making it a popular spot for locals and tourists alike to stroll, relax, and enjoy the ambiance of the city.","{'Monday': 'Open 24 hours', 'Tuesday': 'Open 24 hours', 'Wednesday': 'Open 24 hours', 'Thursday': 'Open 24 hours', 'Friday': 'Open 24 hours', 'Saturday': 'Open 24 hours', 'Sunday': 'Open 24 hours'}",-,-,"39.21617710415006, 9.113712061546938","09124 Cagliari, Metropolitan City of Cagliari",FALSE,FALSE,TRUE,Piazzetta Savoia.jpg,street.png,15,1
